{"ratio": [], "shift": [["SERVIR,CLIENT", 0], ["SERVIR,EMPLOYE", 0], ["RESERVE,CHAMBRE", 0], ["RESERVE,CLIENT", 0], ["GERE,CHAMBRE", 0], ["GERE,EMPLOYE", 0], ["REGLE,CHAMBRE", 0], ["REGLE,NOTE", 0]], "colors": [["annotation_color", "#8c510a"], ["annotation_text_color", "#f5f5f5"], ["association_attribute_text_color", "#000000"], ["association_cartouche_color", "#dfc27d"], ["association_cartouche_text_color", "#000000"], ["association_color", "#f6e8c3"], ["association_stroke_color", "#bf812d"], ["background_color", "#f5f5f5"], ["card_text_color", "#01665e"], ["entity_attribute_text_color", "#000000"], ["entity_cartouche_color", "#80cdc1"], ["entity_cartouche_text_color", "#000000"], ["entity_color", "#c7eae5"], ["entity_stroke_color", "#35978f"], ["leg_stroke_color", "#bf812d"], ["transparent_color", "none"]], "cy": [["CLIENT", 51], ["SERVIR", 152], ["RESERVE", 152], ["EMPLOYE", 253], ["GERE", 253], ["CHAMBRE", 253], ["REGLE", 253], ["NOTE", 253]], "cx": [["CLIENT", 263], ["SERVIR", 147], ["RESERVE", 263], ["EMPLOYE", 50], ["GERE", 147], ["CHAMBRE", 263], ["REGLE", 365], ["NOTE", 482]], "size": [548, 304]}